<?xml version="1.0"?>
<cena version="0.8.2"><result judgetime="43734.3073528241"><problem title="return" filename="" status="14" hash="0" detail=""><testcase status="14" exitcode="0" detail="" time="0" memory="0" score="0"/><testcase status="14" exitcode="0" detail="" time="0" memory="0" score="0"/><testcase status="14" exitcode="0" detail="" time="0" memory="0" score="0"/><testcase status="14" exitcode="0" detail="" time="0" memory="0" score="0"/><testcase status="14" exitcode="0" detail="" time="0" memory="0" score="0"/><testcase status="14" exitcode="0" detail="" time="0" memory="0" score="0"/><testcase status="14" exitcode="0" detail="" time="0" memory="0" score="0"/><testcase status="14" exitcode="0" detail="" time="0" memory="0" score="0"/><testcase status="14" exitcode="0" detail="" time="0" memory="0" score="0"/><testcase status="14" exitcode="0" detail="" time="0" memory="0" score="0"/></problem><problem title="one" filename="one.cpp" status="1" hash="654951980" detail=""><testcase status="7" exitcode="0" detail="" time="0" memory="20088" score="10"/><testcase status="7" exitcode="0" detail="" time="0.01" memory="20088" score="10"/><testcase status="7" exitcode="0" detail="" time="0.01" memory="20088" score="10"/><testcase status="7" exitcode="0" detail="" time="0.03" memory="20084" score="10"/><testcase status="7" exitcode="0" detail="" time="0.03" memory="20092" score="10"/><testcase status="7" exitcode="0" detail="" time="0.04" memory="20092" score="10"/><testcase status="6" exitcode="3221225477" detail="" time="0.18" memory="20088" score="0"/><testcase status="6" exitcode="3221225477" detail="" time="0.14" memory="20084" score="0"/><testcase status="6" exitcode="3221225477" detail="" time="0.14" memory="20092" score="0"/><testcase status="6" exitcode="3221225477" detail="" time="0.15" memory="20088" score="0"/></problem><problem title="phi" filename="phi.cpp" status="1" hash="3892262433" detail=""><testcase status="7" exitcode="0" detail="" time="0" memory="127640" score="10"/><testcase status="7" exitcode="0" detail="" time="0.45" memory="127648" score="10"/><testcase status="7" exitcode="0" detail="" time="0.42" memory="127644" score="10"/><testcase status="8" exitcode="0" detail="&#x5728;&#x7B2C; 1 &#x884C;:&#13;&#10;----&#x9009;&#x624B;&#x8F93;&#x51FA;&#x7684;&#x7B2C; 1 &#x5217;----&#13;&#10;&gt;-1&#13;&#10;----&#x6807;&#x51C6;&#x8F93;&#x51FA;&#x7684;&#x7B2C; 1 &#x5217;----&#13;&#10;&gt;101657..." time="0.45" memory="127652" score="0"/><testcase status="7" exitcode="0" detail="" time="0.42" memory="127648" score="10"/><testcase status="7" exitcode="0" detail="" time="0.42" memory="127644" score="10"/><testcase status="8" exitcode="0" detail="&#x5728;&#x7B2C; 1 &#x884C;:&#13;&#10;----&#x9009;&#x624B;&#x8F93;&#x51FA;&#x7684;&#x7B2C; 1 &#x5217;----&#13;&#10;&gt;-1&#13;&#10;----&#x6807;&#x51C6;&#x8F93;&#x51FA;&#x7684;&#x7B2C; 1 &#x5217;----&#13;&#10;&gt;102194..." time="0.42" memory="127644" score="0"/><testcase status="7" exitcode="0" detail="" time="0" memory="127648" score="10"/><testcase status="8" exitcode="0" detail="&#x5728;&#x7B2C; 1 &#x884C;:&#13;&#10;----&#x9009;&#x624B;&#x8F93;&#x51FA;&#x7684;&#x7B2C; 1 &#x5217;----&#13;&#10;&gt;-1&#13;&#10;----&#x6807;&#x51C6;&#x8F93;&#x51FA;&#x7684;&#x7B2C; 1 &#x5217;----&#13;&#10;&gt;233493..." time="0.42" memory="127652" score="0"/><testcase status="7" exitcode="0" detail="" time="0" memory="127648" score="10"/></problem><problem title="twofive" filename="twofive.cpp" status="1" hash="2535780464" detail=""><testcase status="3" exitcode="1" detail="" time="1.2012077" memory="4708" score="0"/><testcase status="3" exitcode="1" detail="" time="1.0140065" memory="4704" score="0"/><testcase status="3" exitcode="1" detail="" time="1.0140065" memory="4708" score="0"/><testcase status="3" exitcode="1" detail="" time="1.0274547" memory="4704" score="0"/><testcase status="3" exitcode="1" detail="" time="1.0140065" memory="4700" score="0"/><testcase status="3" exitcode="1" detail="" time="1.2012077" memory="4704" score="0"/><testcase status="6" exitcode="3221225477" detail="" time="0.96" memory="4704" score="0"/><testcase status="3" exitcode="1" detail="" time="1.2012077" memory="4708" score="0"/><testcase status="6" exitcode="3221225477" detail="" time="0.98" memory="4704" score="0"/><testcase status="3" exitcode="1" detail="" time="1.0140065" memory="4704" score="0"/><testcase status="6" exitcode="3221225477" detail="" time="0.99" memory="4704" score="0"/><testcase status="3" exitcode="1" detail="" time="1.0140065" memory="4708" score="0"/></problem></result></cena>
