<?xml version="1.0"?>
<cena version="0.8.2"><result judgetime="43734.3076889352"><problem title="return" filename="" status="14" hash="0" detail=""><testcase status="14" exitcode="0" detail="" time="0" memory="0" score="0"/><testcase status="14" exitcode="0" detail="" time="0" memory="0" score="0"/><testcase status="14" exitcode="0" detail="" time="0" memory="0" score="0"/><testcase status="14" exitcode="0" detail="" time="0" memory="0" score="0"/><testcase status="14" exitcode="0" detail="" time="0" memory="0" score="0"/><testcase status="14" exitcode="0" detail="" time="0" memory="0" score="0"/><testcase status="14" exitcode="0" detail="" time="0" memory="0" score="0"/><testcase status="14" exitcode="0" detail="" time="0" memory="0" score="0"/><testcase status="14" exitcode="0" detail="" time="0" memory="0" score="0"/><testcase status="14" exitcode="0" detail="" time="0" memory="0" score="0"/></problem><problem title="one" filename="one.cpp" status="1" hash="2916050399" detail=""><testcase status="7" exitcode="0" detail="" time="0" memory="16192" score="10"/><testcase status="7" exitcode="0" detail="" time="0.01" memory="16188" score="10"/><testcase status="7" exitcode="0" detail="" time="0.03" memory="16184" score="10"/><testcase status="7" exitcode="0" detail="" time="0.04" memory="16188" score="10"/><testcase status="7" exitcode="0" detail="" time="0.07" memory="16192" score="10"/><testcase status="7" exitcode="0" detail="" time="0.04" memory="16184" score="10"/><testcase status="6" exitcode="3221225477" detail="" time="0" memory="16188" score="0"/><testcase status="6" exitcode="3221225477" detail="" time="0" memory="16184" score="0"/><testcase status="6" exitcode="3221225477" detail="" time="0" memory="16188" score="0"/><testcase status="6" exitcode="3221225477" detail="" time="0" memory="16192" score="0"/></problem><problem title="phi" filename="phi.cpp" status="1" hash="735341692" detail=""><testcase status="8" exitcode="0" detail="&#x5728;&#x7B2C; 1 &#x884C;:&#13;&#10;----&#x9009;&#x624B;&#x8F93;&#x51FA;&#x7684;&#x7B2C; 1 &#x5217;----&#13;&#10;&gt;2&#13;&#10;----&#x6807;&#x51C6;&#x8F93;&#x51FA;&#x7684;&#x7B2C; 1 &#x5217;----&#13;&#10;&gt;1" time="0.39" memory="127848" score="0"/><testcase status="7" exitcode="0" detail="" time="0.39" memory="127844" score="10"/><testcase status="7" exitcode="0" detail="" time="0.49" memory="127844" score="10"/><testcase status="8" exitcode="0" detail="&#x5728;&#x7B2C; 1 &#x884C;:&#13;&#10;----&#x9009;&#x624B;&#x8F93;&#x51FA;&#x7684;&#x7B2C; 1 &#x5217;----&#13;&#10;&gt;-1&#13;&#10;----&#x6807;&#x51C6;&#x8F93;&#x51FA;&#x7684;&#x7B2C; 1 &#x5217;----&#13;&#10;&gt;101657..." time="0.49" memory="127848" score="0"/><testcase status="7" exitcode="0" detail="" time="0.4" memory="127848" score="10"/><testcase status="7" exitcode="0" detail="" time="0.21" memory="127848" score="10"/><testcase status="6" exitcode="3221225477" detail="" time="0.21" memory="127844" score="0"/><testcase status="6" exitcode="3221225477" detail="" time="0.23" memory="127848" score="0"/><testcase status="6" exitcode="3221225477" detail="" time="0.23" memory="127844" score="0"/><testcase status="7" exitcode="0" detail="" time="0.2" memory="127848" score="10"/></problem><problem title="twofive" filename="twofive.cpp" status="1" hash="4050228924" detail=""><testcase status="7" exitcode="0" detail="" time="0" memory="524" score="8"/><testcase status="7" exitcode="0" detail="" time="0" memory="516" score="8"/><testcase status="7" exitcode="0" detail="" time="0" memory="520" score="8"/><testcase status="7" exitcode="0" detail="" time="0" memory="524" score="8"/><testcase status="7" exitcode="0" detail="" time="0.04" memory="524" score="8"/><testcase status="7" exitcode="0" detail="" time="0.06" memory="528" score="8"/><testcase status="3" exitcode="1" detail="" time="1.2012077" memory="520" score="0"/><testcase status="3" exitcode="1" detail="" time="1.0140065" memory="516" score="0"/><testcase status="3" exitcode="1" detail="" time="1.0140065" memory="520" score="0"/><testcase status="3" exitcode="1" detail="" time="1.0140065" memory="516" score="0"/><testcase status="3" exitcode="1" detail="" time="1.2012077" memory="520" score="0"/><testcase status="3" exitcode="1" detail="" time="1.2012077" memory="516" score="0"/></problem></result></cena>
