<?xml version="1.0"?>
<cena version="0.8.2"><result judgetime="43734.3070010185"><problem title="return" filename="" status="14" hash="0" detail=""><testcase status="14" exitcode="0" detail="" time="0" memory="0" score="0"/><testcase status="14" exitcode="0" detail="" time="0" memory="0" score="0"/><testcase status="14" exitcode="0" detail="" time="0" memory="0" score="0"/><testcase status="14" exitcode="0" detail="" time="0" memory="0" score="0"/><testcase status="14" exitcode="0" detail="" time="0" memory="0" score="0"/><testcase status="14" exitcode="0" detail="" time="0" memory="0" score="0"/><testcase status="14" exitcode="0" detail="" time="0" memory="0" score="0"/><testcase status="14" exitcode="0" detail="" time="0" memory="0" score="0"/><testcase status="14" exitcode="0" detail="" time="0" memory="0" score="0"/><testcase status="14" exitcode="0" detail="" time="0" memory="0" score="0"/></problem><problem title="one" filename="one.cpp" status="1" hash="598115413" detail=""><testcase status="7" exitcode="0" detail="" time="0" memory="520" score="10"/><testcase status="7" exitcode="0" detail="" time="0" memory="560" score="10"/><testcase status="7" exitcode="0" detail="" time="0.01" memory="556" score="10"/><testcase status="7" exitcode="0" detail="" time="0.03" memory="668" score="10"/><testcase status="7" exitcode="0" detail="" time="0.04" memory="672" score="10"/><testcase status="7" exitcode="0" detail="" time="0.04" memory="672" score="10"/><testcase status="3" exitcode="1" detail="" time="1.2012077" memory="99564" score="0"/><testcase status="3" exitcode="1" detail="" time="1.1856076" memory="99568" score="0"/><testcase status="3" exitcode="1" detail="" time="1.2012077" memory="99564" score="0"/><testcase status="3" exitcode="1" detail="" time="1.1856076" memory="99572" score="0"/></problem><problem title="phi" filename="phi.cpp" status="1" hash="1262107539" detail=""><testcase status="7" exitcode="0" detail="" time="0.31" memory="117940" score="10"/><testcase status="7" exitcode="0" detail="" time="0.34" memory="117936" score="10"/><testcase status="7" exitcode="0" detail="" time="0.31" memory="117936" score="10"/><testcase status="8" exitcode="0" detail="&#x5728;&#x7B2C; 1 &#x884C;:&#13;&#10;----&#x9009;&#x624B;&#x8F93;&#x51FA;&#x7684;&#x7B2C; 1 &#x5217;----&#13;&#10;&gt;-1&#13;&#10;----&#x6807;&#x51C6;&#x8F93;&#x51FA;&#x7684;&#x7B2C; 1 &#x5217;----&#13;&#10;&gt;101657..." time="0.34" memory="117932" score="0"/><testcase status="7" exitcode="0" detail="" time="0.32" memory="117940" score="10"/><testcase status="7" exitcode="0" detail="" time="0.32" memory="117940" score="10"/><testcase status="8" exitcode="0" detail="&#x5728;&#x7B2C; 1 &#x884C;:&#13;&#10;----&#x9009;&#x624B;&#x8F93;&#x51FA;&#x7684;&#x7B2C; 1 &#x5217;----&#13;&#10;&gt;-1&#13;&#10;----&#x6807;&#x51C6;&#x8F93;&#x51FA;&#x7684;&#x7B2C; 1 &#x5217;----&#13;&#10;&gt;102194..." time="0.35" memory="117936" score="0"/><testcase status="8" exitcode="0" detail="&#x5728;&#x7B2C; 1 &#x884C;:&#13;&#10;----&#x9009;&#x624B;&#x8F93;&#x51FA;&#x7684;&#x7B2C; 1 &#x5217;----&#13;&#10;&gt;-1&#13;&#10;----&#x6807;&#x51C6;&#x8F93;&#x51FA;&#x7684;&#x7B2C; 1 &#x5217;----&#13;&#10;&gt;100000..." time="0.39" memory="117936" score="0"/><testcase status="8" exitcode="0" detail="&#x5728;&#x7B2C; 1 &#x884C;:&#13;&#10;----&#x9009;&#x624B;&#x8F93;&#x51FA;&#x7684;&#x7B2C; 1 &#x5217;----&#13;&#10;&gt;-1&#13;&#10;----&#x6807;&#x51C6;&#x8F93;&#x51FA;&#x7684;&#x7B2C; 1 &#x5217;----&#13;&#10;&gt;233493..." time="0.37" memory="117936" score="0"/><testcase status="7" exitcode="0" detail="" time="0.35" memory="117940" score="10"/></problem><problem title="twofive" filename="twofive.cpp" status="1" hash="1881960622" detail=""><testcase status="7" exitcode="0" detail="" time="0" memory="568" score="8"/><testcase status="7" exitcode="0" detail="" time="0" memory="564" score="8"/><testcase status="7" exitcode="0" detail="" time="0" memory="560" score="8"/><testcase status="7" exitcode="0" detail="" time="0" memory="568" score="8"/><testcase status="7" exitcode="0" detail="" time="0" memory="564" score="8"/><testcase status="7" exitcode="0" detail="" time="0.1" memory="560" score="8"/><testcase status="3" exitcode="1" detail="" time="1.2168078" memory="560" score="0"/><testcase status="3" exitcode="1" detail="" time="1.0140065" memory="560" score="0"/><testcase status="3" exitcode="1" detail="" time="1.0140065" memory="564" score="0"/><testcase status="3" exitcode="1" detail="" time="1.2012077" memory="564" score="0"/><testcase status="3" exitcode="1" detail="" time="1.0140065" memory="560" score="0"/><testcase status="3" exitcode="1" detail="" time="1.2168078" memory="564" score="0"/></problem></result></cena>
