<?xml version="1.0"?>
<cena version="0.8.2"><result judgetime="43734.3080578241"><problem title="return" filename="" status="14" hash="0" detail=""><testcase status="14" exitcode="0" detail="" time="0" memory="0" score="0"/><testcase status="14" exitcode="0" detail="" time="0" memory="0" score="0"/><testcase status="14" exitcode="0" detail="" time="0" memory="0" score="0"/><testcase status="14" exitcode="0" detail="" time="0" memory="0" score="0"/><testcase status="14" exitcode="0" detail="" time="0" memory="0" score="0"/><testcase status="14" exitcode="0" detail="" time="0" memory="0" score="0"/><testcase status="14" exitcode="0" detail="" time="0" memory="0" score="0"/><testcase status="14" exitcode="0" detail="" time="0" memory="0" score="0"/><testcase status="14" exitcode="0" detail="" time="0" memory="0" score="0"/><testcase status="14" exitcode="0" detail="" time="0" memory="0" score="0"/></problem><problem title="one" filename="one.cpp" status="1" hash="3448617416" detail=""><testcase status="7" exitcode="0" detail="" time="0" memory="916" score="10"/><testcase status="7" exitcode="0" detail="" time="0" memory="908" score="10"/><testcase status="7" exitcode="0" detail="" time="0" memory="908" score="10"/><testcase status="7" exitcode="0" detail="" time="0" memory="908" score="10"/><testcase status="7" exitcode="0" detail="" time="0" memory="908" score="10"/><testcase status="7" exitcode="0" detail="" time="0" memory="908" score="10"/><testcase status="7" exitcode="0" detail="" time="0.95" memory="912" score="10"/><testcase status="7" exitcode="0" detail="" time="0.93" memory="908" score="10"/><testcase status="7" exitcode="0" detail="" time="0.93" memory="908" score="10"/><testcase status="7" exitcode="0" detail="" time="0.95" memory="908" score="10"/></problem><problem title="phi" filename="phi.cpp" status="1" hash="2568439277" detail=""><testcase status="7" exitcode="0" detail="" time="0" memory="22044" score="10"/><testcase status="7" exitcode="0" detail="" time="0.01" memory="22048" score="10"/><testcase status="7" exitcode="0" detail="" time="0.01" memory="22044" score="10"/><testcase status="8" exitcode="0" detail="&#x5728;&#x7B2C; 1 &#x884C;:&#13;&#10;----&#x9009;&#x624B;&#x8F93;&#x51FA;&#x7684;&#x7B2C; 2 &#x5217;----&#13;&#10;&gt;...104676...&#13;&#10;----&#x6807;&#x51C6;&#x8F93;&#x51FA;&#x7684;&#x7B2C; 2 &#x5217;----&#13;&#10;&gt;...016575..." time="0.01" memory="22048" score="0"/><testcase status="7" exitcode="0" detail="" time="0.01" memory="22044" score="10"/><testcase status="7" exitcode="0" detail="" time="0.01" memory="22048" score="10"/><testcase status="7" exitcode="0" detail="" time="0.01" memory="22044" score="10"/><testcase status="7" exitcode="0" detail="" time="0" memory="22040" score="10"/><testcase status="7" exitcode="0" detail="" time="0.03" memory="22040" score="10"/><testcase status="8" exitcode="0" detail="&#x5728;&#x7B2C; 1 &#x884C;:&#13;&#10;----&#x9009;&#x624B;&#x8F93;&#x51FA;&#x7684;&#x7B2C; 2 &#x5217;----&#13;&#10;&gt;...214748...&#13;&#10;----&#x6807;&#x51C6;&#x8F93;&#x51FA;&#x7684;&#x7B2C; 2 &#x5217;----&#13;&#10;&gt;...1" time="0" memory="22048" score="0"/></problem><problem title="twofive" filename="twofive.cpp" status="1" hash="3334427597" detail=""><testcase status="7" exitcode="0" detail="" time="0" memory="568" score="8"/><testcase status="7" exitcode="0" detail="" time="0" memory="564" score="8"/><testcase status="7" exitcode="0" detail="" time="0" memory="556" score="8"/><testcase status="7" exitcode="0" detail="" time="0" memory="556" score="8"/><testcase status="8" exitcode="0" detail="&#x5728;&#x7B2C; 1 &#x884C;:&#13;&#10;----&#x9009;&#x624B;&#x8F93;&#x51FA;&#x7684;&#x7B2C; 14 &#x5217;----&#13;&#10;&gt;...SULOPV...&#13;&#10;----&#x6807;&#x51C6;&#x8F93;&#x51FA;&#x7684;&#x7B2C; 14 &#x5217;----&#13;&#10;&gt;...QRLOTV..." time="0" memory="560" score="0"/><testcase status="8" exitcode="0" detail="&#x5728;&#x7B2C; 1 &#x884C;:&#13;&#10;----&#x9009;&#x624B;&#x8F93;&#x51FA;&#x7684;&#x7B2C; 4 &#x5217;----&#13;&#10;&gt;...22&#13;&#10;----&#x6807;&#x51C6;&#x8F93;&#x51FA;&#x7684;&#x7B2C; 4 &#x5217;----&#13;&#10;&gt;...00" time="0.01" memory="564" score="0"/><testcase status="7" exitcode="0" detail="" time="0" memory="560" score="8"/><testcase status="7" exitcode="0" detail="" time="0" memory="556" score="8"/><testcase status="8" exitcode="0" detail="&#x5728;&#x7B2C; 1 &#x884C;:&#13;&#10;----&#x9009;&#x624B;&#x8F93;&#x51FA;&#x7684;&#x7B2C; 4 &#x5217;----&#13;&#10;&gt;...ILCEMP...&#13;&#10;----&#x6807;&#x51C6;&#x8F93;&#x51FA;&#x7684;&#x7B2C; 4 &#x5217;----&#13;&#10;&gt;...GPCEHK..." time="0" memory="556" score="0"/><testcase status="8" exitcode="0" detail="&#x5728;&#x7B2C; 1 &#x884C;:&#13;&#10;----&#x9009;&#x624B;&#x8F93;&#x51FA;&#x7684;&#x7B2C; 2 &#x5217;----&#13;&#10;&gt;...527983...&#13;&#10;----&#x6807;&#x51C6;&#x8F93;&#x51FA;&#x7684;&#x7B2C; 2 &#x5217;----&#13;&#10;&gt;...708911..." time="0" memory="564" score="0"/><testcase status="8" exitcode="0" detail="&#x5728;&#x7B2C; 1 &#x884C;:&#13;&#10;----&#x9009;&#x624B;&#x8F93;&#x51FA;&#x7684;&#x7B2C; 4 &#x5217;----&#13;&#10;&gt;...JLCGIO...&#13;&#10;----&#x6807;&#x51C6;&#x8F93;&#x51FA;&#x7684;&#x7B2C; 4 &#x5217;----&#13;&#10;&gt;...MPCFJN..." time="0" memory="556" score="0"/><testcase status="8" exitcode="0" detail="&#x5728;&#x7B2C; 1 &#x884C;:&#13;&#10;----&#x9009;&#x624B;&#x8F93;&#x51FA;&#x7684;&#x7B2C; 2 &#x5217;----&#13;&#10;&gt;...283746...&#13;&#10;----&#x6807;&#x51C6;&#x8F93;&#x51FA;&#x7684;&#x7B2C; 2 &#x5217;----&#13;&#10;&gt;...651461..." time="0" memory="556" score="0"/></problem></result></cena>
