<?xml version="1.0"?>
<cena version="0.8.2"><result judgetime="43734.306729456"><problem title="return" filename="" status="14" hash="0" detail=""><testcase status="14" exitcode="0" detail="" time="0" memory="0" score="0"/><testcase status="14" exitcode="0" detail="" time="0" memory="0" score="0"/><testcase status="14" exitcode="0" detail="" time="0" memory="0" score="0"/><testcase status="14" exitcode="0" detail="" time="0" memory="0" score="0"/><testcase status="14" exitcode="0" detail="" time="0" memory="0" score="0"/><testcase status="14" exitcode="0" detail="" time="0" memory="0" score="0"/><testcase status="14" exitcode="0" detail="" time="0" memory="0" score="0"/><testcase status="14" exitcode="0" detail="" time="0" memory="0" score="0"/><testcase status="14" exitcode="0" detail="" time="0" memory="0" score="0"/><testcase status="14" exitcode="0" detail="" time="0" memory="0" score="0"/></problem><problem title="one" filename="one.cpp" status="1" hash="3799403469" detail=""><testcase status="7" exitcode="0" detail="" time="0" memory="1304" score="10"/><testcase status="7" exitcode="0" detail="" time="0.04" memory="1308" score="10"/><testcase status="7" exitcode="0" detail="" time="0.04" memory="1308" score="10"/><testcase status="7" exitcode="0" detail="" time="0.49" memory="1308" score="10"/><testcase status="7" exitcode="0" detail="" time="0.54" memory="1296" score="10"/><testcase status="7" exitcode="0" detail="" time="0.49" memory="1304" score="10"/><testcase status="6" exitcode="3221225477" detail="" time="0" memory="1300" score="0"/><testcase status="6" exitcode="3221225477" detail="" time="0" memory="1300" score="0"/><testcase status="6" exitcode="3221225477" detail="" time="0" memory="1300" score="0"/><testcase status="6" exitcode="3221225477" detail="" time="0" memory="1304" score="0"/></problem><problem title="phi" filename="phi.cpp" status="1" hash="3704620180" detail=""><testcase status="10" exitcode="0" detail="" time="0.01" memory="12268" score="0"/><testcase status="7" exitcode="0" detail="" time="0.01" memory="12264" score="10"/><testcase status="7" exitcode="0" detail="" time="0.01" memory="12264" score="10"/><testcase status="8" exitcode="0" detail="&#x5728;&#x7B2C; 1 &#x884C;:&#13;&#10;----&#x9009;&#x624B;&#x8F93;&#x51FA;&#x7684;&#x7B2C; 2 &#x5217;----&#13;&#10;&gt;...250312...&#13;&#10;----&#x6807;&#x51C6;&#x8F93;&#x51FA;&#x7684;&#x7B2C; 2 &#x5217;----&#13;&#10;&gt;...016575..." time="0.03" memory="12264" score="0"/><testcase status="8" exitcode="0" detail="&#x5728;&#x7B2C; 1 &#x884C;:&#13;&#10;----&#x9009;&#x624B;&#x8F93;&#x51FA;&#x7684;&#x7B2C; 1 &#x5217;----&#13;&#10;&gt;207360...&#13;&#10;----&#x6807;&#x51C6;&#x8F93;&#x51FA;&#x7684;&#x7B2C; 1 &#x5217;----&#13;&#10;&gt;166180..." time="0.01" memory="12264" score="0"/><testcase status="7" exitcode="0" detail="" time="0.01" memory="12264" score="10"/><testcase status="8" exitcode="0" detail="&#x5728;&#x7B2C; 1 &#x884C;:&#13;&#10;----&#x9009;&#x624B;&#x8F93;&#x51FA;&#x7684;&#x7B2C; 2 &#x5217;----&#13;&#10;&gt;...124057...&#13;&#10;----&#x6807;&#x51C6;&#x8F93;&#x51FA;&#x7684;&#x7B2C; 2 &#x5217;----&#13;&#10;&gt;...021943..." time="0.03" memory="12260" score="0"/><testcase status="7" exitcode="0" detail="" time="0.03" memory="12268" score="10"/><testcase status="7" exitcode="0" detail="" time="0.01" memory="12264" score="10"/><testcase status="7" exitcode="0" detail="" time="0.01" memory="12264" score="10"/></problem><problem title="twofive" filename="twofive.cpp" status="1" hash="1005922663" detail=""><testcase status="8" exitcode="0" detail="&#x5728;&#x7B2C; 1 &#x884C;:&#13;&#10;----&#x9009;&#x624B;&#x8F93;&#x51FA;&#x7684;&#x7B2C; 1 &#x5217;----&#13;&#10;&gt;100000&#13;&#10;----&#x6807;&#x51C6;&#x8F93;&#x51FA;&#x7684;&#x7B2C; 1 &#x5217;----&#13;&#10;&gt;ABCDEF..." time="0.15" memory="520" score="0"/><testcase status="8" exitcode="0" detail="&#x9009;&#x624B;&#x8F93;&#x51FA;&#x6BD4;&#x6807;&#x51C6;&#x8F93;&#x51FA;&#x957F;&#x3002;" time="0.14" memory="516" score="0"/><testcase status="8" exitcode="0" detail="&#x5728;&#x7B2C; 1 &#x884C;:&#13;&#10;----&#x9009;&#x624B;&#x8F93;&#x51FA;&#x7684;&#x7B2C; 1 &#x5217;----&#13;&#10;&gt;100000&#13;&#10;----&#x6807;&#x51C6;&#x8F93;&#x51FA;&#x7684;&#x7B2C; 1 &#x5217;----&#13;&#10;&gt;ABCDEF..." time="0.15" memory="520" score="0"/><testcase status="8" exitcode="0" detail="&#x9009;&#x624B;&#x8F93;&#x51FA;&#x6BD4;&#x6807;&#x51C6;&#x8F93;&#x51FA;&#x957F;&#x3002;" time="0.15" memory="516" score="0"/><testcase status="8" exitcode="0" detail="&#x5728;&#x7B2C; 1 &#x884C;:&#13;&#10;----&#x9009;&#x624B;&#x8F93;&#x51FA;&#x7684;&#x7B2C; 1 &#x5217;----&#13;&#10;&gt;100000&#13;&#10;----&#x6807;&#x51C6;&#x8F93;&#x51FA;&#x7684;&#x7B2C; 1 &#x5217;----&#13;&#10;&gt;ABCDEF..." time="0.15" memory="516" score="0"/><testcase status="8" exitcode="0" detail="&#x9009;&#x624B;&#x8F93;&#x51FA;&#x6BD4;&#x6807;&#x51C6;&#x8F93;&#x51FA;&#x957F;&#x3002;" time="0.15" memory="516" score="0"/><testcase status="8" exitcode="0" detail="&#x5728;&#x7B2C; 1 &#x884C;:&#13;&#10;----&#x9009;&#x624B;&#x8F93;&#x51FA;&#x7684;&#x7B2C; 1 &#x5217;----&#13;&#10;&gt;100000&#13;&#10;----&#x6807;&#x51C6;&#x8F93;&#x51FA;&#x7684;&#x7B2C; 1 &#x5217;----&#13;&#10;&gt;AFKPUB..." time="0.15" memory="520" score="0"/><testcase status="8" exitcode="0" detail="&#x5728;&#x7B2C; 1 &#x884C;:&#13;&#10;----&#x9009;&#x624B;&#x8F93;&#x51FA;&#x7684;&#x7B2C; 1 &#x5217;----&#13;&#10;&gt;100000&#13;&#10;----&#x6807;&#x51C6;&#x8F93;&#x51FA;&#x7684;&#x7B2C; 1 &#x5217;----&#13;&#10;&gt;701149..." time="0.15" memory="516" score="0"/><testcase status="8" exitcode="0" detail="&#x5728;&#x7B2C; 1 &#x884C;:&#13;&#10;----&#x9009;&#x624B;&#x8F93;&#x51FA;&#x7684;&#x7B2C; 1 &#x5217;----&#13;&#10;&gt;100000&#13;&#10;----&#x6807;&#x51C6;&#x8F93;&#x51FA;&#x7684;&#x7B2C; 1 &#x5217;----&#13;&#10;&gt;ABDGPC..." time="0.15" memory="520" score="0"/><testcase status="8" exitcode="0" detail="&#x5728;&#x7B2C; 1 &#x884C;:&#13;&#10;----&#x9009;&#x624B;&#x8F93;&#x51FA;&#x7684;&#x7B2C; 2 &#x5217;----&#13;&#10;&gt;...00000&#13;&#10;----&#x6807;&#x51C6;&#x8F93;&#x51FA;&#x7684;&#x7B2C; 2 &#x5217;----&#13;&#10;&gt;...708911..." time="0.15" memory="520" score="0"/><testcase status="8" exitcode="0" detail="&#x5728;&#x7B2C; 1 &#x884C;:&#13;&#10;----&#x9009;&#x624B;&#x8F93;&#x51FA;&#x7684;&#x7B2C; 1 &#x5217;----&#13;&#10;&gt;100000&#13;&#10;----&#x6807;&#x51C6;&#x8F93;&#x51FA;&#x7684;&#x7B2C; 1 &#x5217;----&#13;&#10;&gt;ABDMPC..." time="0.14" memory="512" score="0"/><testcase status="8" exitcode="0" detail="&#x5728;&#x7B2C; 1 &#x884C;:&#13;&#10;----&#x9009;&#x624B;&#x8F93;&#x51FA;&#x7684;&#x7B2C; 1 &#x5217;----&#13;&#10;&gt;100000&#13;&#10;----&#x6807;&#x51C6;&#x8F93;&#x51FA;&#x7684;&#x7B2C; 1 &#x5217;----&#13;&#10;&gt;965146..." time="0.15" memory="512" score="0"/></problem></result></cena>
