<?xml version="1.0"?>
<cena version="0.8.2"><result judgetime="43734.3056965972"><problem title="return" filename="" status="14" hash="0" detail=""><testcase status="14" exitcode="0" detail="" time="0" memory="0" score="0"/><testcase status="14" exitcode="0" detail="" time="0" memory="0" score="0"/><testcase status="14" exitcode="0" detail="" time="0" memory="0" score="0"/><testcase status="14" exitcode="0" detail="" time="0" memory="0" score="0"/><testcase status="14" exitcode="0" detail="" time="0" memory="0" score="0"/><testcase status="14" exitcode="0" detail="" time="0" memory="0" score="0"/><testcase status="14" exitcode="0" detail="" time="0" memory="0" score="0"/><testcase status="14" exitcode="0" detail="" time="0" memory="0" score="0"/><testcase status="14" exitcode="0" detail="" time="0" memory="0" score="0"/><testcase status="14" exitcode="0" detail="" time="0" memory="0" score="0"/></problem><problem title="one" filename="one.cpp" status="1" hash="2289797617" detail=""><testcase status="7" exitcode="0" detail="" time="0" memory="10304" score="10"/><testcase status="3" exitcode="1" detail="" time="1.0140065" memory="10308" score="0"/><testcase status="3" exitcode="1" detail="" time="1.0137224" memory="10308" score="0"/><testcase status="3" exitcode="1" detail="" time="1.0443357" memory="10308" score="0"/><testcase status="3" exitcode="1" detail="" time="1.2012077" memory="10308" score="0"/><testcase status="3" exitcode="1" detail="" time="1.2012077" memory="10308" score="0"/><testcase status="3" exitcode="1" detail="" time="1.0140065" memory="10304" score="0"/><testcase status="3" exitcode="1" detail="" time="1.0140065" memory="10308" score="0"/><testcase status="3" exitcode="1" detail="" time="1.0140065" memory="10300" score="0"/><testcase status="3" exitcode="1" detail="" time="1.0140065" memory="10300" score="0"/></problem><problem title="phi" filename="phi.cpp" status="1" hash="1131139082" detail=""><testcase status="4" exitcode="0" detail="" time="0" memory="149296" score="0"/><testcase status="4" exitcode="1" detail="" time="0.18" memory="149292" score="0"/><testcase status="4" exitcode="0" detail="" time="0.06" memory="149292" score="0"/><testcase status="4" exitcode="1" detail="" time="0.2" memory="149300" score="0"/><testcase status="4" exitcode="1" detail="" time="0.18" memory="149292" score="0"/><testcase status="4" exitcode="0" detail="" time="0.15" memory="149292" score="0"/><testcase status="4" exitcode="1" detail="" time="0" memory="149236" score="0"/><testcase status="4" exitcode="1" detail="" time="0" memory="149292" score="0"/><testcase status="4" exitcode="1" detail="" time="0.17" memory="149296" score="0"/><testcase status="4" exitcode="0" detail="" time="0" memory="149288" score="0"/></problem><problem title="twofive" filename="" status="14" hash="0" detail=""><testcase status="14" exitcode="0" detail="" time="0" memory="0" score="0"/><testcase status="14" exitcode="0" detail="" time="0" memory="0" score="0"/><testcase status="14" exitcode="0" detail="" time="0" memory="0" score="0"/><testcase status="14" exitcode="0" detail="" time="0" memory="0" score="0"/><testcase status="14" exitcode="0" detail="" time="0" memory="0" score="0"/><testcase status="14" exitcode="0" detail="" time="0" memory="0" score="0"/><testcase status="14" exitcode="0" detail="" time="0" memory="0" score="0"/><testcase status="14" exitcode="0" detail="" time="0" memory="0" score="0"/><testcase status="14" exitcode="0" detail="" time="0" memory="0" score="0"/><testcase status="14" exitcode="0" detail="" time="0" memory="0" score="0"/><testcase status="14" exitcode="0" detail="" time="0" memory="0" score="0"/><testcase status="14" exitcode="0" detail="" time="0" memory="0" score="0"/></problem></result></cena>
